Activity ID,Activity Date,Activity Name,Activity Type,Elapsed Time,Distance,Max Heart Rate,Relative Effort,Commute,Filename,Moving Time,Max Speed,Average Speed,Elevation Gain,Elevation Loss,Elevation Low,Elevation High,Max Grade,Average Grade,Max Cadence,Average Cadence,Average Heart Rate,Average Watts,Calories,Weighted Average Power,Power Count,Grade Adjusted Distance,Average Elapsed Speed,Dirt Distance,Maximum Power 5s,Maximum Power 10s,Maximum Power 30s,Maximum Power 1.0min,Maximum Power 5.0min,Maximum Power 10.0min,Maximum Power 20.0min,Maximum Power 30.0min,Maximum Power 1.0 hr,Maximum Power 1.5 hr,Maximum Power 2.0 hr
7057073739,"28 Apr 2022, 21:49:44",Morning Run,Run,4127,12.77,178.0,78.0,False,activities/7511868053.csv.gz,4101.0,3.89199209213257,3.11517667770386,67.1999893188477,76.3999938964844,-45.4000015258789,-28.6000003814697,15.3843812942505,-0.0720137432217598,86.0,83.713249206543,147.544952392578,231.691787719727,1171.7431640625,233.0,4128.0,12887.2998046875,3.09555125236511,0.0,300.8,296.8,271.9,259.4,247.5,242.9,241.5,239.5,235.6,0.0,0.0
7067754767,"1 May 2022, 00:11:03",Morning Run,Run,7723,24.63,173.0,185.0,False,activities/7523482307.csv.gz,7689.0,4.35195302963257,3.20340085029602,110.39998626709,100.39998626709,-89.5999984741211,-72.1999969482422,17.1756343841553,0.0405993275344371,87.0,83.8884887695313,151.218048095703,269.420684814453,2262.87475585938,271.0,7724.0,24888.0,3.18929815292358,0.0,378.8,376.5,343.7,326.4,316.3,315.0,297.3,291.1,280.1,275.8,272.1
7073448977,"1 May 2022, 23:04:26",Morning Run,Run,4202,12.51,182.0,255.0,False,activities/7529709708.csv.gz,4198.0,3.79404306411743,2.9800546169281,51.1544532775879,48.754451751709,7.09999990463257,18.7000007629395,16.1289825439453,0.0191842392086982,86.0,84.1061019897461,176.339447021484,250.364715576172,1145.57580566406,251.0,4203.0,12599.5,2.97721791267395,179.100006103516,346.0,342.0,300.0,282.7,267.1,262.4,261.1,258.3,253.2,0.0,0.0
7083686840,"3 May 2022, 20:34:15",Morning Run,Run,4086,12.72,188.0,276.0,False,activities/7540825061.csv.gz,4074.0,4.10400390625,3.12350749969482,60.0187225341797,59.3187255859375,6.40000009536743,20.3999996185303,48.8215484619141,0.0055009089410305,87.0,83.9859924316406,181.583114624023,259.660705566406,1171.44311523438,260.0,4087.0,12884.0,3.11433434486389,182.600006103516,328.6,326.0,302.3,287.4,275.5,270.9,269.0,267.2,263.4,0.0,0.0
7094718079,"5 May 2022, 21:44:27",Morning Run,Run,4290,13.09,184.0,241.0,False,activities/7552770129.csv.gz,4261.0,3.80214834213257,3.07360029220581,134.981506347656,135.381500244141,8.0,43.2999992370606,31.9849338531494,-0.0030542253516614,87.0,83.8208465576172,174.631454467773,255.742492675781,1212.14001464844,256.0,4291.0,13331.599609375,3.05282282829285,11378.900390625,322.0,320.9,315.3,306.2,271.2,269.9,263.9,264.2,258.8,0.0,0.0
7105588400,"8 May 2022, 00:15:40",Morning Run,Run,8991,27.44,192.0,333.0,False,activities/7564645080.csv.gz,8991.0,12.5361328125,3.05239009857178,105.0,119.0,7.80000019073486,22.2000007629395,44.5219078063965,0.0167613830417394,88.0,84.1553726196289,162.599563598633,246.594116210938,2470.0,247.0,8991.0,27633.69921875,3.05239009857178,1247.5,343.4,339.9,303.6,282.1,266.6,262.2,258.8,256.8,256.1,253.0,249.9
7111115130,"8 May 2022, 22:40:10",Morning Run,Run,4178,12.77,194.0,85.0,False,activities/7570690077.csv.gz,4177.0,12.4380006790161,3.05710315704346,59.0,63.0,-9.0,2.40000009536743,10.9140481948853,0.015662295743823,87.0,84.0870971679688,143.949783325195,245.841094970703,969.0,247.0,4178.0,12870.900390625,3.05637145042419,509.899993896484,324.4,322.3,296.4,282.9,268.4,261.6,257.2,254.4,249.8,0.0,0.0
7121828939,"10 May 2022, 21:16:46",Morning Run,Run,4071,13.1,193.0,160.0,False,activities/7582305301.csv.gz,4071.0,13.3419981002808,3.21796846389771,59.0,62.0,3.0,14.1999998092651,31.5168495178223,0.0,88.0,84.2357559204102,164.76676940918,257.717407226563,1115.0,258.0,4071.0,13190.099609375,3.21796846389771,526.599975585938,355.4,350.1,313.6,295.9,276.7,272.4,271.1,269.1,261.5,0.0,0.0
7143969268,"14 May 2022, 23:24:23",Morning Run,Run,10066,28.87,210.0,528.0,False,activities/7606361275.csv.gz,9936.0,3.65800786018372,2.90627527236938,153.218627929688,148.518630981445,6.09999990463257,40.7000007629395,49.5231628417969,0.0162760689854621,87.0,83.4453277587891,172.116394042969,241.105316162109,2657.359375,240.0,10067.0,29226.69921875,2.86874127388001,1334.80004882813,326.6,318.9,292.6,272.0,259.2,253.6,251.1,250.7,248.9,247.6,244.4
7150641096,"16 May 2022, 05:44:24",Afternoon Run,Run,4495,12.91,184.0,219.0,False,activities/7613719243.csv.gz,4309.0,3.67802739143372,2.99603176116943,136.014907836914,137.814910888672,8.89999961853027,43.2999992370606,29.8978099822998,-0.0139427874237298,87.0,83.7248001098633,169.124221801758,248.749710083008,1193.58276367188,245.0,4496.0,13127.5,2.87205791473389,11284.900390625,304.2,302.8,299.3,292.2,261.5,257.0,253.4,254.0,251.1,0.0,0.0
7166116734,"18 May 2022, 22:38:08",Morning Run,Run,4052,12.73,198.0,267.0,False,activities/7630468903.csv.gz,4049.0,3.89199209213257,3.14464569091797,55.4611396789551,52.6611404418945,4.30000019073486,18.7000007629395,20.5724506378174,0.0219906736165285,87.0,84.3076324462891,180.414520263672,259.165252685547,1167.92443847656,259.0,4053.0,12845.2998046875,3.14231729507446,553.799987792969,346.6,343.6,313.8,292.4,273.7,270.7,268.6,266.7,262.1,0.0,0.0
7171668081,"20 May 2022, 00:11:42",Morning Run,Run,4060,12.36,185.0,264.0,False,activities/7636492725.csv.gz,4052.0,3.76406240463257,3.05067133903503,58.0714912414551,51.7714881896973,3.29999995231628,18.7000007629395,21.4953327178955,0.0509654283523559,87.0,84.1083679199219,178.934600830078,251.733963012695,1135.55615234375,252.0,4061.0,12489.2998046875,3.04466009140015,528.200012207031,341.0,334.2,293.5,283.2,267.1,262.2,260.3,258.2,254.0,0.0,0.0
7181784375,"21 May 2022, 23:38:56",Morning Run,Run,7966,24.01,186.0,516.0,False,activities/7647528825.csv.gz,7943.0,4.00800800323486,3.02382230758667,82.9958190917969,81.7958145141602,8.19999980926514,17.5,11.2546501159668,0.0049962070770561,88.0,84.1684722900391,177.871322631836,249.373199462891,2195.51953125,250.0,7967.0,24147.19921875,3.01509165763855,1084.90002441406,340.8,325.0,302.8,294.6,275.8,267.6,264.7,262.9,261.9,256.0,251.0
7187751822,"22 May 2022, 23:09:19",Morning Run,Run,4213,12.61,182.0,258.0,False,activities/7654064363.csv.gz,4172.0,3.87197256088257,3.02285242080688,60.0510444641113,57.8510437011719,4.19999980926514,18.7000007629395,34.8071823120117,0.0174446180462837,87.0,84.5558776855469,175.416687011719,248.802917480469,1158.61401367188,249.0,4214.0,12742.900390625,2.99343466758728,538.5,320.4,314.5,288.0,280.2,264.2,259.3,258.8,256.0,252.3,0.0,0.0
7197508757,"24 May 2022, 20:53:21",Morning Run,Run,4254,12.69,186.0,273.0,False,activities/7664660521.csv.gz,4174.0,3.74003911018372,3.04116678237915,51.4238204956055,49.6238212585449,7.19999980926514,18.7000007629395,41.8454933166504,0.0141801172867417,88.0,85.0313949584961,178.68798828125,250.470642089844,1162.5146484375,250.0,4255.0,12785.7998046875,2.98397493362427,542.799987792969,323.8,319.7,298.3,281.8,264.0,262.0,260.0,258.4,254.4,0.0,0.0
7209114023,"27 May 2022, 03:10:37",Afternoon Run,Run,4227,12.91,180.0,64.0,False,activities/7677255343.csv.gz,4064.0,3.87001943588257,3.17653298377991,136.224212646484,138.024200439453,8.69999980926514,43.2999992370606,20.4693870544434,-0.0139432959258556,88.0,84.3798599243164,145.62614440918,265.744537353516,1192.9736328125,262.0,4228.0,13120.7998046875,3.0540406703949,11286.2998046875,322.2,319.9,315.4,309.3,279.0,275.6,271.8,271.5,267.8,0.0,0.0
7219205911,"29 May 2022, 00:17:50",Morning Run,Run,8947,26.73,188.0,427.0,False,activities/7688303855.csv.gz,8913.0,3.7939453125,2.99942111968994,112.636810302734,96.8368148803711,-10.0,18.7000007629395,10.5263185501099,0.0591011233627796,87.0,83.6691741943359,168.542419433594,248.307891845703,2441.6279296875,249.0,8948.0,26854.0,2.98802280426025,1307.40002441406,363.6,360.6,355.5,322.0,284.8,273.5,271.2,269.2,261.2,256.2,251.4
7224584159,"29 May 2022, 23:44:23",Morning Run,Run,4166,12.76,208.0,265.0,False,activities/7694236767.csv.gz,4158.0,3.77812504768372,3.07036566734314,73.7402801513672,69.6402816772461,7.09999990463257,24.6000003814697,36.1332664489746,0.03211510181427,89.0,85.2536087036133,175.25114440918,253.553039550781,1177.32580566406,254.0,4167.0,12948.7001953125,3.06446957588196,551.599975585938,351.6,343.4,305.7,288.0,267.9,266.1,263.9,262.8,256.5,0.0,0.0
7234496415,"31 May 2022, 21:25:38",Morning Run,Run,3871,12.98,177.0,42.0,False,activities/7705080029.csv.gz,3871.0,3.86398935317993,3.35314130783081,0.0,51.2781028747559,7.19999980926514,18.7000007629395,0.0,0.0,86.0,83.0010452270508,138.49626159668,268.334014892578,891.0,272.0,3872.0,12180.400390625,3.35314130783081,0.0,318.6,315.9,301.8,293.8,285.8,285.3,284.1,283.2,272.9,0.0,0.0
7245725580,"2 Jun 2022, 22:51:16",Morning Run,Run,4017,12.43,183.0,188.0,False,activities/7717283536.csv.gz,3972.0,3.71992182731628,3.13043069839478,133.261764526367,132.261764526367,10.5,43.2999992370606,44.1839637756348,0.008042418397963,88.0,85.5401840209961,167.232238769531,261.059692382813,1148.61254882813,260.0,4018.0,12632.900390625,3.09536218643188,11264.7998046875,322.8,319.1,311.8,303.7,275.4,273.0,266.9,266.3,262.8,0.0,0.0
7256518101,"5 Jun 2022, 00:30:15",Morning Run,Run,5176,16.11,189.0,328.0,False,activities/7729040860.csv.gz,5174.0,4.10996103286743,3.11401629447937,83.48046875,62.5804672241211,-14.6000003814697,18.7000007629395,44.6672706604004,0.129717633128166,89.0,85.2680816650391,177.47282409668,259.040222167969,1476.88757324219,262.0,5177.0,16243.400390625,3.11281299591064,544.299987792969,342.8,333.6,317.7,300.4,291.2,288.5,285.7,283.7,269.5,0.0,0.0
7262032999,"5 Jun 2022, 23:49:02",Morning Run,Run,3943,12.09,183.0,239.0,False,activities/7735108229.csv.gz,3937.0,3.79804682731628,3.07095766067505,56.6854858398438,54.7854881286621,4.69999980926514,18.7000007629395,35.9168167114258,0.0157149992883205,87.0,84.857177734375,176.717803955078,254.496063232422,1109.36145019531,255.0,3944.0,12201.2001953125,3.06628465652466,524.799987792969,338.2,329.4,302.3,287.6,270.4,265.5,264.8,263.6,256.6,0.0,0.0
7272551806,"7 Jun 2022, 22:32:58",Morning Run,Run,2691,8.13,177.0,56.0,False,activities/7746552595.csv.gz,2688.0,3.39199209213257,3.026034116745,6.03900909423828,10.5390090942383,5.90000009536743,14.3999996185303,15.7224016189575,-0.0553234703838825,87.0,84.5901641845703,149.603942871094,248.860290527344,740.698669433594,249.0,2692.0,8146.5,3.02266073226929,5.59999990463257,284.0,281.0,272.2,267.4,260.9,259.6,257.3,252.9,0.0,0.0,0.0
7282827136,"9 Jun 2022, 22:10:18",Morning Run,Run,2041,6.33,175.0,58.0,False,activities/7757681068.csv.gz,2041.0,4.83798837661743,3.10344934463501,4.0,3.0,5.0,10.3999996185303,6.6171178817749,-0.0663073435425758,87.0,84.3267822265625,156.075180053711,257.828002929688,530.0,258.0,2041.0,6344.10009765625,3.10344934463501,0.0,299.6,298.9,293.5,284.7,278.7,277.7,266.8,260.4,0.0,0.0,0.0
7304603466,"13 Jun 2022, 23:04:27",Morning Run,Run,3490,10.11,179.0,64.0,False,activities/7781515499.csv.gz,3483.0,3.23398447036743,2.90263843536377,2.40000009536743,5.80000019073486,6.0,11.1000003814697,35.3982315063477,-0.0336304381489753,86.0,84.3392715454102,147.385238647461,239.252227783203,919.406494140625,239.0,3491.0,10112.0,2.89681649208069,0.0,270.2,266.4,261.1,256.6,250.7,249.9,247.9,246.7,0.0,0.0,0.0
7331731378,"16 Jun 2022, 00:36:29",Morning Run,Run,4200,12.77,183.0,198.0,False,activities/7811164567.csv.gz,4097.0,4.19999980926514,3.11691474914551,0.0,0.0,6.0,6.0,8.07434919299814e-15,0.0,88.0,84.652587890625,167.30290222168,256.213806152344,1161.07800292969,254.0,4201.0,12770.0,3.04047608375549,0.0,328.0,316.8,301.1,289.7,271.3,266.0,264.0,262.3,258.6,0.0,0.0
7331731458,"19 Jun 2022, 00:13:34",Morning Run,Run,5917,18.0,185.0,361.0,False,activities/7811164634.csv.gz,5914.0,4.0,3.04497790336609,84.9223327636719,84.5223388671875,5.5,18.7000007629395,42.3076934814453,0.0022212350741028,87.0,83.9974670410156,174.846298217773,250.524017333984,1653.640625,251.0,5918.0,18187.400390625,3.04343414306641,1254.0,321.0,314.5,303.9,284.5,268.8,265.4,260.6,259.4,255.4,252.6,0.0
7338081082,"20 Jun 2022, 07:21:01",Afternoon Run,Run,4560,13.03,209.0,280.0,False,activities/7818177817.csv.gz,4453.0,3.79999995231628,2.92701554298401,133.478820800781,129.378814697266,6.80000019073486,43.2999992370606,24.0,0.0314561910927295,87.0,82.9065170288086,183.237243652344,245.572006225586,1211.30346679688,245.0,4561.0,13322.400390625,2.85833334922791,3656.0,312.2,310.1,301.1,295.6,269.7,259.9,254.0,255.0,249.5,0.0,0.0
7349107568,"22 Jun 2022, 06:57:44",Afternoon Run,Run,4616,13.23,184.0,189.0,False,activities/7830190484.csv.gz,4413.0,4.0,2.99796056747437,133.008163452148,134.20817565918,8.39999961853027,43.2999992370606,48.0,-0.0090702949091792,87.0,83.4241638183594,163.055084228516,248.997955322266,1225.90563964844,245.0,4617.0,13483.0,2.86611795425415,4364.0,307.8,305.1,301.8,295.1,271.6,263.2,258.9,256.4,251.9,0.0,0.0
7358446716,"23 Jun 2022, 22:23:33",Morning Run,Run,4151,12.46,180.0,246.0,False,activities/7840384459.csv.gz,4133.0,4.19999980926514,3.01621103286743,66.9333724975586,69.0333709716797,3.0,18.7000007629395,47.7777786254883,-0.0168458204716444,87.0,83.5744400024414,174.401977539063,250.086883544922,1146.73962402344,250.0,4152.0,12612.2998046875,3.00313186645508,541.0,343.6,337.6,297.7,282.3,267.1,260.3,259.5,256.9,252.7,0.0,0.0
7443417158,"10 Jul 2022, 01:30:25",Lunch Run,Run,6121,17.13,173.0,57.0,False,activities/7933563533.csv.gz,6015.0,5.17600107192993,2.84891438484192,10.0,9.0,28.6000003814697,49.2000007629395,7.81231355667114,0.108542025089264,86.0,82.8803176879883,139.447463989258,238.223739624023,1357.0,235.0,6120.0,17210.69921875,2.79957866668701,353.299987792969,290.8,287.9,281.1,264.4,246.9,245.1,244.0,242.8,240.7,238.5,0.0
7454285669,"12 Jul 2022, 01:29:38",Lunch Run,Run,2917,8.68,184.0,58.0,False,activities/7945513461.csv.gz,2917.0,9.78874969482422,2.97540974617004,33.0,31.0,122.199996948242,135.600006103516,9.10728168487549,0.0506955236196517,96.0,83.7119522094727,149.600067138672,240.014251708984,741.0,241.0,2916.0,8737.900390625,2.97540974617004,2.70000004768372,405.6,399.4,340.7,287.7,272.2,266.8,254.0,248.2,0.0,0.0,0.0
7662948883,"19 Aug 2022, 07:13:53",Afternoon Run,Run,2963,8.57,178.0,105.0,False,activities/8177107276.csv.gz,2963.0,5.70999765396118,2.89207220077515,92.0,89.0,22.6000003814697,54.5999984741211,11.0252752304077,0.0280072446912527,86.0,82.7401962280273,161.229110717773,237.704055786133,817.0,238.0,2963.0,8700.2001953125,2.89207220077515,6999.2001953125,292.6,287.3,277.4,271.5,252.1,249.2,241.5,242.1,0.0,0.0,0.0
7672614632,"21 Aug 2022, 00:27:43",Morning Run,Run,5175,13.84,180.0,98.0,False,activities/8188025222.csv.gz,4900.0,8.15199565887451,2.82449173927307,16.0,11.0,-0.400000005960465,9.60000038146973,6.47249221801758,0.046242743730545,87.0,83.8471450805664,144.836761474609,234.963439941406,1184.0,227.0,5175.0,13891.900390625,2.67439794540405,319.700012207031,273.2,270.8,266.6,255.3,242.4,240.7,239.7,238.9,235.4,0.0,0.0
7684446846,"23 Aug 2022, 05:48:30",Afternoon Run,Run,2950,7.53,183.0,76.0,False,activities/8201415688.csv.gz,2728.0,13.8200073242188,2.76184368133545,63.0,60.0,-178.600006103516,-162.600006103516,15.2523393630981,-0.0265452321618795,97.0,81.1559295654297,152.577575683594,228.871520996094,706.0,223.0,2950.0,7656.89990234375,2.55400323867798,1116.0,443.8,430.8,326.0,283.9,246.6,243.9,238.3,223.8,0.0,0.0,0.0
7689272575,"23 Aug 2022, 21:22:46",Morning Run,Run,5565,17.01,183.0,230.0,False,activities/8206808651.csv.gz,5565.0,14.407470703125,3.05773043632507,64.0,81.0,-3.40000009536743,9.39999961853027,45.9192810058594,-0.034085027873516,87.0,84.3822174072266,166.235015869141,238.348083496094,1647.0,236.0,5564.0,17124.5,3.05773043632507,686.200012207031,310.6,305.7,282.1,269.0,250.7,247.2,245.6,244.9,241.6,239.1,0.0
7711856290,"28 Aug 2022, 00:10:40",Morning Run,Run,7634,22.64,183.0,189.0,False,activities/8232407538.csv.gz,7527.0,5.22800302505493,3.00883865356445,49.0,44.0,-152.800003051758,-132.800003051758,7.46222543716431,0.0609338134527206,89.0,83.5800399780273,150.255722045898,261.849822998047,1965.0,263.0,7634.0,22779.5,2.96666622161865,15022.400390625,347.0,345.7,338.5,330.4,317.5,302.2,296.1,292.3,280.4,269.0,262.1
7722547986,"29 Aug 2022, 22:23:23",Morning Run,Run,3353,9.85,174.0,77.0,False,activities/8244518631.csv.gz,3353.0,8.08598613739014,2.93854761123657,35.0,38.0,1.79999995231628,10.1999998092651,9.90927791595459,-0.0223283376544713,93.0,83.7454605102539,150.263916015625,243.143768310547,830.0,244.0,3352.0,9904.599609375,2.93854761123657,372.899993896484,409.2,399.1,334.4,285.8,271.3,265.0,255.2,251.7,0.0,0.0,0.0
7728280558,"30 Aug 2022, 21:38:49",Morning Run,Run,5625,15.62,177.0,37.0,False,activities/8250903264.csv.gz,5539.0,8.70599937438965,2.82037925720215,301.0,310.0,-169.199996948242,-131.600006103516,14.1509399414063,-0.0422479324042797,87.0,84.0331649780273,112.077011108398,252.563552856445,893.0,255.0,5625.0,16263.900390625,2.77725863456726,11133.7001953125,343.8,341.0,335.7,331.4,285.1,274.8,268.1,264.9,259.1,253.1,0.0
7745223884,"3 Sep 2022, 05:53:50",Afternoon Run,Run,2413,7.3,175.0,74.0,False,activities/8270013584.csv.gz,2413.0,7.30599975585938,3.0257523059845,32.0,34.0,-2.79999995231628,7.40000009536743,10.1421279907227,0.0164357889443635,85.0,82.2471694946289,157.111862182617,253.795974731445,667.0,255.0,2412.0,7353.7001953125,3.0257523059845,363.399993896484,316.6,312.6,297.6,285.9,265.5,263.8,261.5,260.1,0.0,0.0,0.0
7750333064,"4 Sep 2022, 00:22:51",Morning Run,Run,6697,20.46,187.0,340.0,False,activities/8275819019.csv.gz,6630.0,4.19999980926514,3.08687782287598,127.99821472168,128.698211669922,9.5,43.2999992370606,15.0,-0.0034203068353235,87.0,83.5039978027344,168.234161376953,255.574234008789,1876.20935058594,256.0,6698.0,20635.30078125,3.05599522590637,10977.0,321.8,318.0,314.4,307.4,292.4,289.9,279.0,272.3,266.6,260.4,0.0
7762289408,"6 Sep 2022, 06:27:19",Afternoon Run,Run,3094,8.26,177.0,104.0,False,activities/8289378023.csv.gz,2996.0,4.80000019073486,2.75967955589294,71.9928665161133,68.9928665161133,5.69999980926514,32.5999984741211,49.1666679382324,0.0362844690680503,94.0,80.5197982788086,159.796112060547,227.16130065918,770.775756835938,227.0,3095.0,8477.2998046875,2.67226886749268,3800.0,467.0,444.6,325.5,281.0,247.6,244.3,239.5,224.6,0.0,0.0,0.0
7766654463,"6 Sep 2022, 21:46:08",Morning Run,Run,5752,16.22,191.0,208.0,False,activities/8294246567.csv.gz,5550.0,4.0,2.92270278930664,301.33740234375,296.937408447266,5.90000009536743,43.2999992370606,25.0,0.0271253306418657,87.0,83.7853546142578,163.514511108398,248.589508056641,1535.65075683594,251.0,5753.0,16889.69921875,2.8200626373291,9175.0,333.2,330.1,321.3,317.8,279.8,272.3,265.3,261.2,257.0,249.8,0.0
7783175968,"10 Sep 2022, 07:07:56",Afternoon Run,Run,2456,7.54,177.0,92.0,False,activities/8312930146.csv.gz,2412.0,15.3899965286255,3.1259286403656,36.0,42.0,-15.0,-4.40000009536743,12.8085823059082,-0.0689678937196731,86.0,82.6505584716797,164.547454833984,256.187225341797,717.0,252.0,2455.0,7587.89990234375,3.06992650032043,367.399993896484,339.4,337.9,305.2,284.1,268.3,264.9,263.4,258.9,0.0,0.0,0.0
7787611259,"10 Sep 2022, 21:08:59",Morning Run,Run,7454,23.0,186.0,290.0,False,activities/8317925027.csv.gz,7331.0,12.6232223510742,3.13849115371704,102.0,103.0,-166.199996948242,-154.399993896484,10.8792610168457,-0.0017384780803695,88.0,83.5956954956055,164.765808105469,253.146499633789,2128.0,255.0,7454.0,23153.30078125,3.08670234680176,1605.59997558594,339.8,338.5,326.2,321.2,311.5,308.2,302.3,286.6,268.0,260.4,253.5
7798975043,"12 Sep 2022, 23:59:53",Morning Run,Run,2616,7.18,175.0,73.0,False,activities/8330809154.csv.gz,2491.0,5.40000009536743,2.88478517532349,71.6076354980469,63.8076362609863,3.09999990463257,43.2999992370606,41.8181800842285,0.108544394373894,96.0,82.5577011108398,154.671081542969,240.011245727539,671.779541015625,236.0,2617.0,7388.5,2.74694180488586,4146.0,437.0,432.5,347.5,285.5,269.4,258.7,249.5,244.3,0.0,0.0,0.0
7815014147,"15 Sep 2022, 23:10:11",Morning Run,Run,2712,7.89,159.0,28.0,False,activities/8348750327.csv.gz,2710.0,4.0,2.91402220726013,77.964729309082,77.6647262573242,2.79999995231628,43.2999992370606,48.1818199157715,0.0037989108823239,87.0,83.220085144043,139.252212524414,242.851547241211,740.3349609375,243.0,2713.0,8142.5,2.91187310218811,2320.0,305.0,303.2,295.0,291.8,265.1,259.0,250.6,248.4,0.0,0.0,0.0
7825423330,"18 Sep 2022, 00:26:35",Morning Run,Run,6069,18.01,185.0,203.0,False,activities/8360492809.csv.gz,5828.0,4.59999990463257,3.09145498275757,107.367706298828,106.767707824707,7.09999990463257,43.2999992370606,10.0,0.0033301881048828,87.0,83.5044631958008,159.424301147461,255.970474243164,1652.95874023438,256.0,6070.0,18179.900390625,2.96869325637817,8041.0,327.0,322.2,315.2,310.8,305.7,303.7,290.0,282.8,270.2,258.7,0.0
7836272476,"20 Sep 2022, 03:20:23",Afternoon Run,Run,2401,6.98,175.0,71.0,False,activities/8372792022.csv.gz,2401.0,3.79999995231628,2.90920448303223,19.1274242401123,18.227424621582,7.19999980926514,16.1000003814697,11.0,0.0128847528249025,87.0,83.4075012207031,155.079162597656,240.945007324219,638.592895507813,240.0,2402.0,7023.5,2.90920448303223,372.0,296.6,284.8,266.4,257.3,251.3,249.0,246.0,244.2,0.0,0.0,0.0
7847938461,"22 Sep 2022, 05:39:35","Southbank / Melbourne, Gosch's Paddock",Run,2476,7.14,176.0,51.0,False,activities/8385838919.csv.gz,2476.0,9.53798866271973,2.88625621795654,30.1261920928955,33.3261909484863,4.40000009536743,19.7000007629395,48.0268020629883,-0.0447779782116413,84.0,81.7649688720703,149.326461791992,230.143615722656,487.0,231.0,2477.0,7259.2001953125,2.88625621795654,27.1000003814697,326.6,317.5,282.8,262.4,247.5,241.5,237.8,236.2,0.0,0.0,0.0
7856957266,"24 Sep 2022, 01:53:29",Lunch Run,Run,2763,8.14,174.0,30.0,False,activities/8395965556.csv.gz,2723.0,5.59999990463257,2.98935008049011,71.9721221923828,62.5721206665039,1.39999997615814,43.2999992370606,28.1818180084229,0.115479119122028,92.0,82.156135559082,139.684051513672,252.084121704102,757.810241699219,251.0,2764.0,8334.7001953125,2.94607305526733,3500.0,427.4,414.4,338.2,299.1,281.2,270.4,261.2,256.8,0.0,0.0,0.0
7862228959,"25 Sep 2022, 00:39:58",Morning Run,Run,4884,15.03,183.0,111.0,False,activities/8401949475.csv.gz,4693.0,4.80000019073486,3.20413374900818,23.0833339691162,21.9833335876465,5.59999990463257,15.8999996185303,9.09090900421143,0.0073152887634932,89.0,84.0226135253906,143.549697875977,262.335540771484,1371.26318359375,263.0,4885.0,15081.7001953125,3.07882881164551,3204.0,351.0,346.0,333.3,324.9,318.2,317.6,313.7,296.0,270.1,0.0,0.0
7868690318,"26 Sep 2022, 06:56:13",Afternoon Run,Run,3646,9.98,178.0,143.0,False,activities/8409402704.csv.gz,3608.0,5.40000009536743,2.76829266548157,71.218994140625,69.718994140625,-14.8999996185303,22.7999992370605,45.7142868041992,0.0150180216878652,96.0,81.2474822998047,162.602233886719,228.113128662109,931.417358398438,229.0,3647.0,10244.099609375,2.73944044113159,2503.0,487.2,464.5,334.3,289.0,250.3,245.8,241.6,231.8,227.3,0.0,0.0
7873103838,"27 Sep 2022, 04:37:43",Afternoon Run,Run,3596,9.68,155.0,93.0,False,activities/8414351581.csv.gz,3189.0,4.0,3.03794288635254,32.8689689636231,31.5689678192139,7.09999990463257,16.1000003814697,12.5,0.0134186623618006,86.0,83.161018371582,153.399871826172,249.218139648438,888.19287109375,245.0,3395.0,9768.7001953125,2.69410467147827,367.0,333.6,326.9,281.6,268.7,258.3,254.3,252.3,251.9,0.0,0.0,0.0
7882338872,"28 Sep 2022, 21:01:47",Morning Run,Run,5736,16.55,184.0,268.0,False,activities/8424617759.csv.gz,5673.0,4.19999980926514,2.91750407218933,314.859893798828,314.959899902344,9.30000019073486,43.2999992370606,21.8181819915772,-0.00060419307556,87.0,83.3308639526367,168.076690673828,245.458923339844,1567.93725585938,250.0,5737.0,17244.80078125,2.88546013832092,15021.0,323.8,317.1,307.9,305.7,270.2,266.6,261.5,257.6,252.4,247.1,0.0
7896821059,"1 Oct 2022, 21:01:39",Melbourne Half Marathon,Run,6110,21.33,188.0,400.0,False,activities/8440920777.csv.gz,6110.0,4.59999990463257,3.4921441078186,87.755012512207,82.254997253418,7.30000019073486,26.2000007629395,31.6666660308838,0.0257768202573061,88.0,84.5522994995117,179.761169433594,286.060089111328,1962.14001464844,286.0,6111.0,21580.400390625,3.4921441078186,0.0,338.2,332.5,321.4,309.1,299.6,295.5,293.3,290.6,289.2,287.6,0.0
7912359505,"4 Oct 2022, 20:07:28",Morning Run,Run,4894,13.36,178.0,148.0,False,activities/8458438352.csv.gz,4705.0,3.59999990463257,2.84080767631531,83.235969543457,79.8359680175781,7.5,21.2000007629395,30.0,0.0254376772791147,87.0,82.7428131103516,153.056411743164,226.132827758789,1231.57922363281,223.0,4895.0,13545.400390625,2.73109936714172,2400.0,350.0,339.7,282.4,261.4,239.5,236.7,232.7,231.5,228.6,0.0,0.0
7918709386,"6 Oct 2022, 04:09:14",Afternoon Run,Run,3346,9.11,162.0,65.0,False,activities/8465545238.csv.gz,3199.0,3.40000009536743,2.85026574134827,87.5397644042969,87.5397644042969,10.5,43.2999992370606,12.7272729873657,0.0,85.0,81.8255157470703,146.155319213867,231.766250610352,842.131591796875,228.0,3347.0,9262.099609375,2.72504472732544,5988.0,299.6,294.7,281.7,271.4,249.5,242.5,236.0,236.3,0.0,0.0,0.0
7933318162,"8 Oct 2022, 22:07:10",Morning Run,Run,8822,25.49,187.0,492.0,False,activities/8482108014.csv.gz,8645.0,3.79999995231628,2.94840955734253,7.86795330047607,6.26795339584351,5.19999980926514,10.6000003814697,18.1818180084229,0.0062772175297141,85.0,82.2447052001953,173.816055297852,234.660461425781,2321.09228515625,233.0,8823.0,25528.30078125,2.88925409317017,362.0,290.0,287.2,276.5,268.3,257.6,255.7,254.8,250.6,245.4,241.6,238.0
7944313273,"11 Oct 2022, 02:08:55",Afternoon Run,Run,3107,8.63,175.0,102.0,False,activities/8494635398.csv.gz,3082.0,5.0,2.80012989044189,34.7015647888184,35.1015663146973,7.09999990463257,22.3999996185303,10.0,-0.0046349940821528,90.0,79.94775390625,158.099426269531,231.053558349609,792.069763183594,234.0,3108.0,8711.5,2.77759885787964,1653.0,429.6,406.6,322.5,289.3,253.3,251.4,243.3,224.7,0.0,0.0,0.0
7954942753,"13 Oct 2022, 00:20:36",Lunch Run,Run,5866,16.83,178.0,113.0,False,activities/8506555372.csv.gz,5732.0,4.59999990463257,2.93632245063782,338.434539794922,338.734527587891,8.80000019073486,43.2999992370606,22.0,-0.0017824253300204,86.0,82.56787109375,148.634246826172,253.130447387695,1595.02294921875,256.0,5867.0,17542.69921875,2.86924648284912,15271.0,329.8,327.9,316.5,312.6,278.7,273.7,266.8,263.8,259.6,254.4,0.0
7964437151,"15 Oct 2022, 05:05:17",Afternoon Run,Run,2037,5.94,171.0,29.0,False,activities/8517260514.csv.gz,1981.0,10.5,2.99899029731751,50.6756782531738,50.6756782531738,8.0,43.2999992370606,12.7272729873657,0.0,85.0,81.7611465454102,98.4392623901367,248.651458740234,549.398132324219,245.0,2038.0,6042.5,2.91654396057129,2030.0,288.2,285.1,282.9,279.7,264.5,259.7,255.1,250.3,0.0,0.0,0.0
7969312590,"15 Oct 2022, 23:03:19",Morning Run,Run,8583,25.47,181.0,249.0,False,activities/8522768765.csv.gz,8427.0,4.19999980926514,3.02278399467468,13.391227722168,13.0912284851074,6.30000019073486,10.6000003814697,7.27272748947144,0.0011777175823226,88.0,83.257209777832,157.235412597656,245.00178527832,2318.43725585938,244.0,8584.0,25499.099609375,2.96784329414368,398.0,295.4,291.8,283.4,279.3,272.6,271.4,270.0,269.5,255.1,250.9,247.7
7979841381,"17 Oct 2022, 23:58:28",Morning Run,Run,2638,7.72,176.0,52.0,False,activities/8535720982.csv.gz,2574.0,5.19999980926514,3.00077700614929,33.9526329040527,34.0526313781738,6.59999990463257,19.8999996185303,18.0,-0.0012946659699082,91.0,83.3477096557617,148.678451538086,243.441162109375,709.103149414063,241.0,2639.0,7799.0,2.92797565460205,1797.0,377.8,377.2,322.4,279.2,265.4,259.9,251.2,247.2,0.0,0.0,0.0
7994671948,"20 Oct 2022, 21:38:17",Morning Run,Run,5003,15.31,189.0,239.0,False,activities/8552393226.csv.gz,4940.0,4.19999980926514,3.10020232200623,57.0091514587402,60.6091499328613,6.19999980926514,18.7000007629395,9.0,-0.0235063657164573,87.0,83.7410278320313,168.533248901367,251.547439575195,1400.23095703125,250.0,5004.0,15400.2998046875,3.06116318702698,545.0,306.2,301.4,289.1,273.7,261.0,257.7,255.4,255.2,253.9,0.0,0.0
7999286501,"21 Oct 2022, 23:43:12",Morning Run,Run,5573,16.15,190.0,261.0,False,activities/8557591805.csv.gz,5085.0,5.19999980926514,3.17600774765015,47.4048843383789,46.2048835754395,7.30000019073486,24.3999996185303,45.0,0.0074303406290709,92.0,85.1456527709961,172.064224243164,256.817779541016,1478.82421875,258.0,5285.0,16264.7001953125,2.89790058135986,0.0,368.6,366.9,343.3,300.8,290.7,288.6,275.9,275.7,267.7,0.0,0.0
8004857120,"23 Oct 2022, 02:51:12",Afternoon Run,Run,3632,10.09,180.0,176.0,False,activities/8563937726.csv.gz,3606.0,4.40000009536743,2.80005550384522,41.9749069213867,40.0749053955078,7.09999990463257,21.5,11.6666669845581,0.0188174713402986,90.0,80.8973159790039,168.829605102539,226.441802978516,924.798217773438,229.0,3633.0,10171.2998046875,2.78001093864441,1494.0,386.6,366.3,290.2,266.1,245.0,241.8,239.3,237.1,223.8,0.0,0.0
8010616970,"24 Oct 2022, 04:54:32",Afternoon Run,Run,5517,16.37,183.0,296.0,False,activities/8570587004.csv.gz,5506.0,4.40000009536743,2.97330188751221,308.432403564453,306.132415771484,7.19999980926514,43.2999992370606,18.0,0.0140492329373955,87.0,82.9781112670898,173.038391113281,248.095794677734,1551.24389648438,253.0,5518.0,17061.19921875,2.96737360954285,12089.0,338.4,331.0,316.2,306.2,277.9,270.0,263.0,260.1,254.6,248.7,0.0
8014550471,"24 Oct 2022, 23:39:59",Morning Run,Run,1824,5.41,175.0,56.0,False,activities/8575024426.csv.gz,1809.0,4.19999980926514,2.99004983901978,53.4790840148926,53.0790863037109,10.0,43.2999992370606,22.7272720336914,0.0073950821533799,86.0,83.0620727539063,149.350021362305,242.356857299805,501.945770263672,241.0,1825.0,5520.60009765625,2.96546053886414,2247.0,296.6,292.7,286.3,282.0,262.0,253.3,247.5,242.2,0.0,0.0,0.0
8025292388,"27 Oct 2022, 02:00:12",Afternoon Run,Run,4136,12.53,187.0,197.0,False,activities/8587108766.csv.gz,4106.0,4.80000019073486,3.0518753528595,51.346565246582,50.1465644836426,7.19999980926514,18.7000007629395,13.3333330154419,0.0095762507990002,89.0,83.3319549560547,152.66975402832,245.338531494141,1147.04870605469,245.0,4137.0,12615.7001953125,3.02973890304565,540.0,372.8,370.0,327.7,287.9,269.2,263.6,257.9,253.6,247.4,0.0,0.0
8039819722,"29 Oct 2022, 23:25:26",Morning Run,Run,8391,25.04,180.0,290.0,False,activities/8603585049.csv.gz,8168.0,4.0,3.06574440002441,11.3039541244507,12.3039541244507,6.40000009536743,12.0,9.0,-0.0039934506639838,87.0,83.4335021972656,159.468353271484,245.46125793457,2279.44995117188,242.0,8392.0,25070.30078125,2.9842689037323,372.0,303.8,290.5,274.8,267.7,257.8,256.7,255.5,254.8,251.4,249.7,247.7
8050486045,"1 Nov 2022, 02:40:34",Afternoon Run,Run,5512,16.99,174.0,190.0,False,activities/8615869567.csv.gz,5512.0,4.40000009536743,3.08327293395996,175.896362304688,176.296356201172,10.3999996185303,43.2999992370606,18.1818180084229,-0.0023536335211247,86.0,83.0344696044922,154.359039306641,251.804794311523,1572.02868652344,253.0,5513.0,17289.80078125,3.08327293395996,10397.0,305.2,297.3,290.9,287.6,269.1,264.7,262.7,262.2,261.2,252.5,0.0
8054760201,"1 Nov 2022, 20:18:02",Morning Run,Run,3790,11.63,191.0,210.0,False,activities/8620703456.csv.gz,3766.0,4.80000019073486,3.08895373344421,44.3317451477051,42.3317451477051,7.09999990463257,16.8999996185303,9.0,0.0171924699097871,92.0,84.282600402832,174.702789306641,246.042236328125,1064.23669433594,247.0,3791.0,11704.900390625,3.06939315795898,369.0,373.8,357.7,326.2,312.1,271.6,260.1,254.8,254.4,247.3,0.0,0.0
8060755381,"3 Nov 2022, 02:37:33",Afternoon Run,Run,3119,9.17,180.0,182.0,False,activities/8627446441.csv.gz,3107.0,3.59999990463257,2.95365309715271,93.3275909423828,93.7275848388672,10.0,43.2999992370606,20.0,-0.0043587228283286,86.0,82.9111099243164,174.284057617188,240.477294921875,850.214599609375,240.0,3120.0,9351.0,2.94228911399841,6590.0,285.6,283.0,278.6,272.8,258.0,250.0,244.0,243.4,0.0,0.0,0.0
8069941781,"5 Nov 2022, 04:55:36",Afternoon Run,Run,4656,14.2,174.0,127.0,False,activities/8637820093.csv.gz,4635.0,4.0,3.06515645980835,53.7781028747559,51.2781028747559,7.30000019073486,18.7000007629395,10.9090909957886,0.017596960067749,87.0,82.5404434204102,154.019897460938,246.545791625977,1299.08898925781,246.0,4657.0,14287.900390625,3.05133152008057,552.0,319.4,311.9,283.2,269.4,262.5,258.3,255.2,254.3,247.7,0.0,0.0
8074518964,"5 Nov 2022, 22:51:53",Morning Run,Run,4091,10.74,175.0,47.0,False,activities/8643021855.csv.gz,3724.0,4.80000019073486,2.88426423072815,19.6042366027832,24.6042366027832,5.09999990463257,14.8000001907349,14.5454549789429,-0.0465506017208099,90.0,83.0654830932617,137.595199584961,230.635879516602,980.74267578125,221.0,4092.0,10786.599609375,2.62551951408386,0.0,348.8,344.1,295.3,266.4,253.1,248.0,239.0,234.9,229.9,0.0,0.0
8084891931,"8 Nov 2022, 00:52:51",Lunch Run,Run,2086,5.97,158.0,22.0,False,activities/8654872419.csv.gz,1940.0,4.40000009536743,3.07938146591187,55.9840927124023,55.9840927124023,8.0,43.2999992370606,20.9090900421143,0.0,86.0,82.9247436523438,140.338150024414,249.603088378906,554.271545410156,242.0,2087.0,6096.10009765625,2.86385416984558,2223.0,302.8,299.2,291.7,285.2,265.2,259.2,255.0,250.8,0.0,0.0,0.0
8099099738,"10 Nov 2022, 21:50:19",Morning Run,Run,2413,7.0,161.0,19.0,False,activities/8670760531.csv.gz,2336.0,4.80000019073486,2.99957180023193,59.754280090332,60.1542816162109,10.0,43.2999992370606,17.6923084259033,-0.0057085771113634,89.0,83.4703826904297,134.964828491211,241.580001831055,646.612243652344,242.0,2414.0,7111.7001953125,2.90385413169861,5077.0,350.6,347.0,326.5,314.6,266.6,258.6,255.9,248.3,0.0,0.0,0.0
8119552292,"15 Nov 2022, 02:14:16",Afternoon Run,Run,2386,7.13,177.0,125.0,False,activities/8694091267.csv.gz,2378.0,4.59999990463257,2.99957942962647,18.7257022857666,18.8257026672363,7.19999980926514,16.1000003814697,8.88888931274414,-0.0014019346563145,89.0,82.9953689575195,171.034912109375,242.104751586914,651.758483886719,241.0,2387.0,7168.2998046875,2.98952221870422,365.0,368.8,360.6,300.5,271.9,258.0,252.2,247.6,244.7,0.0,0.0,0.0
8128002146,"16 Nov 2022, 05:48:21",Afternoon Run,Run,4016,12.14,197.0,224.0,False,activities/8703593314.csv.gz,3880.0,5.19999980926514,3.13041234016419,67.0239639282227,64.7239685058594,7.19999980926514,20.0,35.0,0.0189362745732069,87.0,83.5250778198242,175.533615112305,253.587951660156,1115.87145996094,251.0,4017.0,12272.7998046875,3.02440237998962,1542.0,369.8,363.3,338.8,318.8,274.6,270.1,265.5,264.5,254.4,0.0,0.0
8137625349,"19 Nov 2022, 04:47:25",Afternoon Run,Run,4507,13.76,180.0,156.0,False,activities/8714421921.csv.gz,4507.0,4.59999990463257,3.05391621589661,136.696517944336,136.496505737305,7.59999990463257,43.2999992370606,20.9090900421143,0.0014530660118907,87.0,82.5331726074219,159.204574584961,249.85888671875,1273.10339355469,250.0,4508.0,14002.099609375,3.05391621589661,10393.0,345.8,331.9,297.0,281.2,263.6,261.5,258.0,257.2,254.2,0.0,0.0
8142126209,"19 Nov 2022, 23:32:35",Morning Run,Run,9475,26.63,184.0,354.0,False,activities/8719511070.csv.gz,9213.0,4.0,2.89113211631775,10.7959060668945,8.79590606689453,6.30000019073486,12.6999998092651,8.0,0.0075086350552737,87.0,83.3495254516602,162.706954956055,241.404586791992,2424.77099609375,238.0,9476.0,26668.599609375,2.81118726730347,517.0,355.2,328.7,284.0,271.9,262.3,261.5,258.9,257.9,246.9,243.2,242.6
8151718763,"22 Nov 2022, 03:40:35",Afternoon Run,Run,4195,11.94,189.0,173.0,False,activities/8730486427.csv.gz,3955.0,4.80000019073486,3.01997470855713,148.250930786133,148.850997924805,8.0,43.2999992370606,22.7272720336914,-0.0050234426744282,88.0,82.3513946533203,164.732223510742,255.316116333008,1114.58032226563,256.0,4196.0,12258.599609375,2.84719896316528,7878.0,353.6,352.3,337.0,325.6,277.2,273.0,266.6,265.1,259.1,0.0,0.0
8168790000,"26 Nov 2022, 01:51:23",Lunch Run,Run,2748,8.13,180.0,43.0,False,activities/8749631064.csv.gz,2748.0,5.19999980926514,2.96069860458374,34.6246299743652,51.3246307373047,9.30000019073486,27.6000003814697,19.0,-0.205260574817657,93.0,83.2329788208008,142.890426635742,245.978881835938,747.02685546875,246.0,2749.0,8216.099609375,2.96069860458374,374.0,408.0,399.9,322.8,283.0,266.0,260.8,253.8,249.7,0.0,0.0,0.0
8173567185,"27 Nov 2022, 01:41:53",Lunch Run,Run,3652,10.63,177.0,137.0,False,activities/8755067960.csv.gz,3652.0,4.0,2.91100764274597,35.619514465332,35.619514465332,7.19999980926514,16.3999996185303,8.0,0.0,86.0,82.2519836425781,161.828811645508,235.694610595703,971.695922851562,235.0,3653.0,10687.099609375,2.91100764274597,364.0,311.2,305.2,266.4,258.2,244.8,242.4,239.9,239.0,236.0,0.0,0.0
8187949583,"30 Nov 2022, 06:25:53",Afternoon Run,Run,3608,10.83,175.0,70.0,False,activities/8771236937.csv.gz,3607.0,5.0,3.00388145446777,8.18240928649902,7.98240947723389,4.69999980926514,7.90000009536743,7.5,0.001845869817771,89.0,82.0865707397461,147.295227050781,243.276641845703,987.443664550781,245.0,3609.0,10860.2998046875,3.00304889678955,0.0,384.0,375.0,345.0,313.1,277.9,257.3,252.1,249.5,243.4,0.0,0.0
8191749218,"1 Dec 2022, 01:18:17",Morning Run,Run,1822,5.24,140.0,7.0,False,activities/8775485552.csv.gz,1822.0,3.59999990463257,2.87870478630066,0.0,-0.100000001490116,4.40000009536743,6.19999980926514,3.0,0.0019065777305513,83.0,81.7607040405273,126.165199279785,233.313385009766,477.424011230469,232.0,1823.0,5250.89990234375,2.87870478630066,0.0,255.6,253.5,248.7,244.2,238.7,237.8,235.8,233.9,0.0,0.0,0.0
8199787052,"3 Dec 2022, 01:41:32",Morning Run,Run,1506,4.06,147.0,6.0,False,activities/8784475360.csv.gz,1506.0,5.19999980926514,2.69654703140259,0.0,0.200000002980232,4.40000009536743,6.19999980926514,3.33333325386047,-0.0049248952418565,92.0,79.4660415649414,127.907455444336,215.493347167969,369.644683837891,220.0,1507.0,4065.5,2.69654703140259,0.0,382.2,376.2,297.7,265.3,237.5,233.6,229.3,0.0,0.0,0.0,0.0
8229552182,"10 Dec 2022, 00:48:51",Lunch Run,Run,4140,11.94,178.0,36.0,False,activities/8818552286.csv.gz,4139.0,3.79999995231628,2.88451313972473,56.9961929321289,48.8961944580078,7.09999990463257,18.7000007629395,12.5,0.0678448751568794,85.0,82.496955871582,138.981994628906,234.136245727539,1095.52307128906,234.0,4141.0,12049.0,2.8838164806366,544.0,305.2,299.1,277.6,264.0,246.7,245.2,241.3,240.6,236.6,0.0,0.0
8241838302,"13 Dec 2022, 00:18:37",Lunch Run,Run,2701,7.99,176.0,28.0,False,activities/8832463370.csv.gz,2701.0,5.59999990463257,2.96075534820557,21.2975482940674,19.6975498199463,7.19999980926514,16.1000003814697,8.18181800842285,0.0200075022876262,93.0,82.8115386962891,142.539947509766,239.438262939453,730.515380859375,239.0,2702.0,8034.5,2.96075534820557,367.0,405.4,399.6,317.5,277.2,260.4,253.7,247.8,243.5,0.0,0.0,0.0
8261288878,"18 Dec 2022, 00:06:22",Lunch Run,Run,6056,16.68,176.0,77.0,False,activities/8854334957.csv.gz,5737.0,4.0,2.90779161453247,10.5468988418579,8.94689846038818,7.0,10.6000003814697,9.1666669845581,0.009591176174581,87.0,83.0531768798828,143.792114257813,233.689758300781,1518.63916015625,227.0,6057.0,16702.599609375,2.75462341308594,361.0,278.6,275.9,262.5,252.2,239.8,237.6,236.1,236.1,234.8,233.7,0.0
8269083910,"20 Dec 2022, 04:03:16",Afternoon Run,Run,2729,8.0,181.0,74.0,False,activities/8863148341.csv.gz,2729.0,4.80000019073486,2.93294239044189,21.3534393310547,19.1534404754639,7.19999980926514,16.1000003814697,9.0,0.0274862572550773,86.0,82.7797698974609,145.643096923828,236.690368652344,731.0791015625,237.0,2730.0,8040.7001953125,2.93294239044189,372.0,329.6,326.6,288.1,261.4,252.1,248.6,243.9,241.0,0.0,0.0,0.0
8280487059,"22 Dec 2022, 04:08:16",Afternoon Run,Run,3374,10.31,170.0,81.0,False,activities/8875868361.csv.gz,3341.0,27.3571434020996,3.08590245246887,33.3251457214356,30.5251007080078,7.19999980926514,17.7000007629395,10.0,0.027158098295331,90.0,82.8831024169922,152.850326538086,248.524017333984,942.9462890625,249.0,3375.0,10370.900390625,3.05572032928467,363.0,342.8,338.6,318.4,310.1,269.3,267.8,262.9,259.5,0.0,0.0,0.0
8280804031,"23 Dec 2022, 04:47:14",Afternoon Run,Run,1917,5.35,179.0,41.0,False,activities/8876227413.csv.gz,1812.0,3.79999995231628,2.95474624633789,53.4555549621582,53.4555549621582,10.3999996185303,43.2999992370606,36.0,0.0,86.0,82.8083953857422,147.019866943359,243.551879882813,496.363128662109,237.0,1918.0,5459.2001953125,2.79290556907654,2144.0,290.8,284.4,271.7,270.1,258.9,253.1,249.2,243.1,0.0,0.0,0.0
8288049588,"24 Dec 2022, 23:36:54",Morning Run,Run,5710,16.83,177.0,101.0,False,activities/8884392871.csv.gz,5596.0,3.79999995231628,3.00750541687012,7.81229782104492,7.11229801177979,7.30000019073486,12.8999996185303,7.0,0.0041592395864427,87.0,83.0465087890625,145.285430908203,243.15657043457,1532.08654785156,240.0,5711.0,16850.5,2.94746065139771,374.0,278.0,274.3,260.8,257.0,249.7,247.4,245.9,245.1,244.1,242.6,0.0
8295571001,"26 Dec 2022, 23:38:57",Morning Run,Run,2762,7.51,153.0,28.0,False,activities/8892988043.csv.gz,2722.0,5.0,2.75973558425903,57.4609603881836,57.4609603881836,10.3000001907349,27.1000003814697,30.0,0.0,95.0,80.1455459594727,138.253051757813,224.909118652344,692.891723632813,227.0,2763.0,7620.7001953125,2.71976828575134,5985.0,441.8,421.7,292.6,265.1,242.4,240.1,236.4,219.2,0.0,0.0,0.0
8300284723,"27 Dec 2022, 23:23:09",Morning Run,Run,5614,16.38,173.0,85.0,False,activities/8898326961.csv.gz,5594.0,3.79999995231628,2.92831611633301,61.6841812133789,59.7841796875,7.19999980926514,18.7000007629395,9.09090900421143,0.0115988031029701,85.0,82.5852737426758,145.13264465332,239.092422485352,1497.69067382813,239.0,5615.0,16472.19921875,2.91788387298584,914.0,331.8,324.7,279.3,265.5,253.5,248.4,244.7,243.4,241.7,239.6,0.0
8318832303,"1 Jan 2023, 00:12:14",Lunch Run,Run,3805,11.3,180.0,131.0,False,activities/8919268842.csv.gz,3589.0,4.80000019073486,3.14906668663025,4.79611968994141,5.69611978530884,7.0,10.6000003814697,10.0,-0.0079631926491856,87.0,82.9388961791992,161.335098266602,255.58935546875,1028.65881347656,251.0,3806.0,11313.599609375,2.97030234336853,18.0,349.6,344.2,330.2,318.2,285.3,282.5,276.4,271.8,254.8,0.0,0.0
8318949585,"1 Jan 2023, 01:28:34",Lunch Run,Run,2948,7.61,174.0,109.0,False,activities/8919406989.csv.gz,2682.0,3.79999995231628,2.83706188201904,3.46394729614258,0.763947367668152,7.0,10.6000003814697,15.0,0.0354842953383922,86.0,82.4407501220703,165.300445556641,230.532516479492,693.000854492188,217.0,2949.0,7621.89990234375,2.5810718536377,328.0,269.6,265.9,252.3,243.7,234.9,233.6,230.6,230.5,0.0,0.0,0.0
8334992759,"4 Jan 2023, 05:58:12",Afternoon Run,Run,1933,5.33,171.0,20.0,False,activities/8937993780.csv.gz,1801.0,4.0,2.96335363388062,53.745750427246094,53.745750427246094,9.69999980926514,43.2999992370606,22.0,0.0,87.0,81.8971633911133,124.653137207031,245.789886474609,494.699249267578,238.0,1934.0,5440.89990234375,2.76099324226379,3360.0,303.4,298.2,285.2,273.9,258.2,252.7,249.2,245.8,0.0,0.0,0.0
8334992770,"4 Jan 2023, 05:58:12",Afternoon Run,Run,1933,5.33,171.0,20.0,False,activities/8937993802.csv.gz,1801.0,4.0,2.96335363388062,53.745750427246094,53.745750427246094,9.69999980926514,43.2999992370606,22.0,0.0,87.0,81.8971633911133,124.653137207031,245.789886474609,494.699249267578,238.0,1934.0,5440.89990234375,2.76099324226379,3360.0,303.4,298.2,285.2,273.9,258.2,252.7,249.2,245.8,0.0,0.0,0.0
8345109963,"6 Jan 2023, 01:20:17",Lunch Run,Run,2724,8.13,177.0,87.0,False,activities/8949256281.csv.gz,2724.0,5.0,2.98678421974182,18.9267425537109,19.1267433166504,9.5,16.1000003814697,6.0,-0.0024582103360444,89.0,82.0653686523438,157.930587768555,246.387802124023,741.998840332031,247.0,2725.0,8160.7998046875,2.98678421974182,358.0,387.6,382.9,319.6,282.4,269.4,263.4,254.8,251.4,0.0,0.0,0.0
8349880962,"6 Jan 2023, 23:43:59",Morning Run,Run,3901,12.48,189.0,195.0,False,activities/8954598197.csv.gz,3748.0,5.40000009536743,3.3297758102417,18.6137771606445,18.2137775421143,8.89999961853027,15.6999998092651,18.1818180084229,0.0032051282469183,88.0,83.6879577636719,170.471481323242,272.543487548828,1138.18383789063,273.0,3902.0,12518.2001953125,3.19917964935303,1474.5,359.0,355.6,339.7,330.5,323.3,319.3,315.7,301.5,273.3,0.0,0.0
8355662890,"7 Jan 2023, 23:53:07",Morning Run,Run,5231,14.27,174.0,84.0,False,activities/8961091044.csv.gz,4939.0,4.0,2.88924884796143,4.54853820800781,5.14853811264038,7.59999990463257,12.6000003814697,7.27272748947144,-0.0042046252638101,87.0,82.9196395874023,145.620819091797,235.378372192383,1299.17993164063,228.0,5232.0,14288.900390625,2.7279679775238,398.0,291.8,287.6,276.5,260.3,241.0,239.4,238.8,238.0,236.3,0.0,0.0
8366997349,"10 Jan 2023, 03:18:38",Afternoon Run,Run,3327,9.19,168.0,60.0,False,activities/8973791388.csv.gz,3116.0,3.79999995231628,2.95218229293823,88.1723403930664,88.1723403930664,8.69999980926514,43.0,13.0,0.0,85.0,81.2903442382813,140.979919433594,246.029800415039,851.142028808594,239.0,3328.0,9361.2001953125,2.76495337486267,7685.0,298.8,295.3,283.5,276.4,258.1,252.1,248.6,248.5,0.0,0.0,0.0
8378352884,"12 Jan 2023, 05:57:07",Afternoon Run,Run,2728,8.13,160.0,51.0,False,activities/8986331872.csv.gz,2728.0,5.0,2.98057174682617,18.0973129272461,18.2973003387451,9.5,16.1000003814697,6.36363649368286,-0.0024597221054136,89.0,82.2170791625977,148.488082885742,244.643600463867,741.635192871094,242.0,2729.0,8156.7998046875,2.98057174682617,0.0,358.4,353.6,309.0,278.4,262.7,258.2,250.8,246.9,0.0,0.0,0.0
8383635208,"13 Jan 2023, 06:21:04",Afternoon Run,Run,3634,10.63,164.0,51.0,False,activities/8992153211.csv.gz,3630.0,5.19999980926514,2.92920112609863,34.6729240417481,34.1729240417481,8.0,17.0,7.0,0.0047023417428135,89.0,82.4577026367188,142.940475463867,239.156234741211,971.295837402344,239.0,3635.0,10682.7001953125,2.92597699165344,356.0,378.2,367.7,304.6,271.4,260.9,253.1,246.8,244.4,239.2,0.0,0.0
8403728203,"16 Jan 2023, 22:24:04",Morning Run,Run,2069,6.14,153.0,20.0,False,activities/9014579736.csv.gz,2069.0,5.0,2.96810054779053,53.3614807128906,55.2614784240723,8.19999980926514,43.0,14.0,-0.0309395864605903,89.0,82.8100509643555,137.303527832031,244.806182861328,566.29150390625,245.0,2070.0,6228.2998046875,2.96810054779053,2873.0,357.0,350.7,303.0,276.3,258.2,256.5,252.5,247.9,0.0,0.0,0.0
8420525172,"20 Jan 2023, 01:55:26",Lunch Run,Run,2785,7.84,170.0,40.0,False,activities/9033088249.csv.gz,2735.0,45.0833320617676,2.86873865127563,61.7383880615234,61.7383995056152,8.60000038146973,43.0,12.0,0.0,95.0,79.4809188842773,145.200332641602,234.331939697266,723.641662597656,237.0,2786.0,7958.89990234375,2.81723523139954,4023.0,470.6,443.3,316.3,288.0,255.9,252.9,246.3,232.0,0.0,0.0,0.0
8430462203,"21 Jan 2023, 21:22:10",Morning Run,Run,6350,18.53,189.0,270.0,False,activities/9044137449.csv.gz,6253.0,4.40000009536743,2.96417713165283,7.5395426750183105,5.73954248428345,7.19999980926514,10.5,7.0,0.0097113568335771,86.0,83.058967590332,166.092895507813,240.698471069336,1687.00903320313,239.0,6351.0,18554.400390625,2.91889762878418,406.5,285.0,279.8,270.9,259.4,248.1,247.4,245.4,244.8,244.0,241.4,0.0
8458147788,"27 Jan 2023, 01:17:11",Lunch Run,Run,3655,11.18,167.0,56.0,False,activities/9074755755.csv.gz,3589.0,9.31999969482422,3.11618828773499,45.077293395996094,45.1772918701172,8.0,17.7000007629395,12.5,-0.0008941344567574,88.0,82.26806640625,144.901672363281,257.573822021484,1023.79443359375,258.0,3656.0,11260.099609375,3.05991792678833,362.0,369.4,360.7,338.6,333.4,283.8,281.6,275.8,272.6,0.0,0.0,0.0
8468761571,"29 Jan 2023, 01:24:52",Lunch Run,Run,7110,20.37,177.0,148.0,False,activities/9086590857.csv.gz,6802.0,4.19999980926514,2.99588346481323,9.16601276397705,8.56601333618164,6.5,12.5,15.0,0.0029443516395986,87.0,82.7673645019531,150.313522338867,243.374435424805,1855.79724121094,238.0,7111.0,20410.80078125,2.86610412597656,420.0,298.8,291.4,276.7,272.0,251.7,248.9,247.2,246.6,245.6,244.8,0.0
8491256318,"2 Feb 2023, 05:03:02",Afternoon Run,Run,2996,7.98,175.0,94.0,False,activities/9112670699.csv.gz,2834.0,5.0,2.81580805778503,67.0943069458008,90.0943069458008,7.90000009536743,43.0,34.5454559326172,-0.288220554590225,96.0,79.6226043701172,157.917465209961,231.337585449219,740.625915527344,231.0,2997.0,8145.7001953125,2.66355133056641,3917.0,499.0,463.0,318.6,275.6,251.5,248.8,242.2,227.2,0.0,0.0,0.0
8496268347,"3 Feb 2023, 01:29:35",Lunch Run,Run,4933,14.6,176.0,218.0,False,activities/9118212913.csv.gz,4907.0,4.40000009536743,2.97554516792297,53.5071907043457,53.7071876525879,8.0,17.5,9.23076915740967,-0.001369769219309,86.0,82.5369644165039,165.748596191406,242.982452392578,1334.65783691406,242.0,4934.0,14679.099609375,2.95986223220825,358.0,307.8,299.3,277.7,267.6,251.1,248.5,248.1,246.7,244.8,0.0,0.0
8506596838,"4 Feb 2023, 23:11:08",Morning Run,Run,6678,20.41,180.0,261.0,False,activities/9129759620.csv.gz,6596.0,25.9090900421143,3.09505772590637,8.96277809143066,8.36277961730957,6.5,12.6000003814697,10.7692308425903,0.0029390153940767,92.0,83.3247528076172,162.303833007813,251.821105957031,1859.2978515625,253.0,6679.0,20449.30078125,3.05705308914185,419.0,340.4,336.1,325.4,320.3,299.0,291.8,285.1,280.5,263.6,254.3,0.0
8518728797,"7 Feb 2023, 04:21:18",Afternoon Run,Run,5583,15.52,175.0,199.0,False,activities/9143362424.csv.gz,5199.0,4.0,2.9865357875824,56.164493560791,56.564491271972706,8.0,17.5,10.0,-0.0025761576835066,84.0,82.0246887207031,163.954483032227,246.916687011719,1419.40649414063,242.0,5513.0,15611.2001953125,2.78112125396729,822.0,313.8,305.8,280.3,268.5,257.5,254.9,251.9,251.1,250.1,0.0,0.0
8523032897,"7 Feb 2023, 20:13:32",Morning Run,Run,3144,9.38,182.0,161.0,False,activities/9148097879.csv.gz,3144.0,5.59999990463257,2.98377871513367,30.2180252075195,30.6180248260498,9.0,19.2999992370605,40.8333320617676,-0.0042639379389584,97.0,82.9042587280273,165.324111938477,242.164443969727,860.679748535156,243.0,3145.0,9466.099609375,2.98377871513367,366.0,402.4,395.0,322.3,278.7,264.9,258.0,251.0,247.7,0.0,0.0,0.0
8556759870,"13 Feb 2023, 21:42:08",Morning Run,Run,4084,12.06,181.0,158.0,False,activities/9185661108.csv.gz,4050.0,5.19999980926514,2.97925925254822,57.6922492980957,57.7922515869141,8.0,19.6000003814697,25.4545459747314,-0.0008287750533781,93.0,82.3438720703125,151.393768310547,244.780639648438,1107.47021484375,244.0,4085.0,12180.400390625,2.9544563293457,1157.0,408.8,399.3,324.7,280.4,271.3,259.8,252.6,251.2,246.8,0.0,0.0
8568055196,"15 Feb 2023, 21:44:27",Morning Run,Run,3234,9.21,149.0,56.0,False,activities/9198157062.csv.gz,3182.0,3.79999995231628,2.89660596847534,88.8274841308594,88.8274841308594,8.89999961853027,43.0,15.0,0.0,85.0,82.8328094482422,144.055419921875,237.85107421875,852.078552246094,235.0,3235.0,9371.5,2.85003089904785,7602.0,278.8,277.7,274.1,273.8,254.0,246.8,242.9,240.2,0.0,0.0,0.0
8584808847,"19 Feb 2023, 02:38:11",Afternoon Run,Run,7862,22.19,187.0,253.0,False,activities/9216433007.csv.gz,7240.0,5.0,3.06588387489319,6.138015747070311,4.93801593780518,6.5,10.6000003814697,7.0,0.0054061361588537,90.0,83.7947998046875,157.365295410156,251.497329711914,2019.85754394531,247.0,7863.0,22215.19921875,2.82332730293274,131.0,372.4,369.0,335.5,325.6,310.5,294.6,287.4,285.1,271.8,258.9,251.1
8600885020,"21 Feb 2023, 20:58:42",Morning Run,Run,2124,5.74,174.0,38.0,False,activities/9233599082.csv.gz,1895.0,3.79999995231628,3.0332453250885,50.7356224060059,53.0356216430664,7.80000019073486,43.0,11.6666669845581,-0.0400139167904853,85.0,82.2333297729492,146.886245727539,251.230163574219,530.849975585938,240.0,2125.0,5838.5,2.70621466636658,2191.0,305.2,303.6,298.2,290.2,267.2,259.3,256.2,251.0,0.0,0.0,0.0
8607136839,"23 Feb 2023, 01:10:56",Lunch Run,Run,2809,8.5,174.0,90.0,False,activities/9240172945.csv.gz,2781.0,5.0,3.05825233459473,23.9731197357178,25.2731189727783,5.80000019073486,16.7000007629395,35.0,-0.0152851259335875,88.0,82.7418060302734,157.047515869141,250.058670043945,778.285949707031,250.0,2810.0,8559.900390625,3.02776789665222,356.0,362.4,357.0,310.4,279.9,269.6,262.6,257.3,254.5,0.0,0.0,0.0
8607136844,"23 Feb 2023, 01:10:56",Lunch Run,Run,2809,8.5,174.0,90.0,False,activities/9240172986.csv.gz,2781.0,5.0,3.05825233459473,23.9731197357178,25.2731189727783,5.80000019073486,16.7000007629395,35.0,-0.0152851259335875,88.0,82.7418060302734,157.047515869141,250.058670043945,778.285949707031,250.0,2810.0,8559.900390625,3.02776789665222,356.0,362.4,357.0,310.4,279.9,269.6,262.6,257.3,254.5,0.0,0.0,0.0
8622646954,"25 Feb 2023, 23:41:53",Morning Run,Run,4740,13.76,177.0,146.0,False,activities/9256532460.csv.gz,4711.0,25.3999996185303,2.92188501358032,108.269073486328,108.268997192383,8.60000038146973,43.0,30.1538467407227,0.0,86.0,82.3606109619141,158.796600341797,241.160034179688,1266.12963867188,241.0,4741.0,13925.400390625,2.90400838851929,10322.0,297.0,292.2,283.8,280.2,259.1,254.1,248.4,248.7,245.9,0.0,0.0
8650872227,"3 Mar 2023, 03:29:58",Afternoon Run,Run,2765,8.22,177.0,91.0,False,activities/9286132340.csv.gz,2753.0,5.40000009536743,2.98619699478149,22.2168712615967,22.4168720245361,9.19999980926514,16.1000003814697,32.7272720336914,-0.0024327940773218,92.0,82.7423706054688,138.472015380859,245.981826782227,752.727722167969,246.0,2766.0,8278.7998046875,2.97323679924011,433.0,397.0,393.9,326.9,285.1,269.9,263.1,255.0,251.4,0.0,0.0,0.0
8672919029,"7 Mar 2023, 01:08:46",Lunch Run,Run,3701,10.92,177.0,164.0,False,activities/9309837302.csv.gz,3693.0,5.19999980926514,2.95884108543396,79.7641448974609,79.9641418457031,4.90000009536743,43.0999984741211,24.0,-0.0018303284887224,93.0,82.3404693603516,166.362869262695,247.263961791992,1013.49291992188,247.0,3702.0,11146.7998046875,2.95244526863098,3629.0,518.0,477.4,357.8,296.1,269.0,255.1,251.5,250.3,247.3,0.0,0.0
8683509285,"8 Mar 2023, 22:24:54",Morning Run,Run,5131,11.05,179.0,209.0,False,activities/9320917394.csv.gz,3824.0,4.0,2.89095187187195,82.1218338012695,83.3218383789063,4.90000009536743,43.0999984741211,21.8181819915772,-0.0108548169955611,87.0,82.8495407104492,170.996856689453,238.530532836914,1024.72180175781,233.0,4162.0,11270.2998046875,2.15455079078674,4704.0,330.2,325.4,285.2,268.1,254.4,251.6,247.2,243.8,238.7,0.0,0.0
8699600252,"12 Mar 2023, 02:29:56",Afternoon Run,Run,4363,13.85,187.0,84.0,False,activities/9337756883.csv.gz,4309.0,4.59999990463257,3.21605944633484,3.31111121177673,4.51111125946045,6.5,12.3999996185303,11.8181819915771,-0.0086592584848403,89.0,83.521125793457,131.492568969727,267.594940185547,1261.63806152344,271.0,4364.0,13876.0,3.17625498771668,280.0,350.8,350.3,344.9,335.1,319.7,296.7,292.0,288.8,274.1,0.0,0.0
8699689454,"12 Mar 2023, 03:43:42",Afternoon Run,Run,3630,9.15,156.0,55.0,False,activities/9337851477.csv.gz,3382.0,8.85714244842529,2.7060911655426,5.39509010314941,3.49509000778198,7.19999980926514,10.5,4.16666650772095,0.0207604896277189,86.0,80.9222259521484,144.158248901367,222.801956176758,833.221252441406,219.0,3631.0,9164.099609375,2.52121210098267,272.0,304.2,284.9,248.1,240.7,235.5,233.8,231.7,230.2,0.0,0.0,0.0
8699689455,"12 Mar 2023, 03:43:42",Afternoon Run,Run,3630,9.15,156.0,55.0,False,activities/9337851480.csv.gz,3382.0,8.85714244842529,2.7060911655426,5.39509010314941,3.49509000778198,7.19999980926514,10.5,4.16666650772095,0.0207604896277189,86.0,80.9222259521484,144.158248901367,222.801956176758,833.221252441406,219.0,3631.0,9164.099609375,2.52121210098267,272.0,304.2,284.9,248.1,240.7,235.5,233.8,231.7,230.2,0.0,0.0,0.0
8721216133,"15 Mar 2023, 22:03:04",Morning Run,Run,3022,8.97,176.0,80.0,False,activities/9360669775.csv.gz,3002.0,33.9142875671387,2.98800802230835,21.769006729126,23.4689998626709,6.90000009536743,16.1000003814697,27.5,-0.0189520623534917,92.0,83.0671844482422,156.632934570313,244.147476196289,818.864624023438,240.0,3023.0,9006.2001953125,2.96823287010193,0.0,385.4,375.9,313.0,277.7,265.6,259.3,251.2,247.4,0.0,0.0,0.0
8767258488,"24 Mar 2023, 02:21:41",Afternoon Run,Run,2861,8.18,182.0,156.0,False,activities/9409073589.csv.gz,2839.0,4.0,2.88340973854065,47.3450736999512,47.3450736999512,5.5,18.3999996185303,19.0909099578857,0.0,85.0,82.3638534545898,171.587387084961,241.011169433594,754.864379882813,241.0,2862.0,8302.2998046875,2.86123728752136,6904.0,354.6,341.0,311.1,284.6,273.5,262.5,250.1,243.8,0.0,0.0,0.0
8767258552,"20 Mar 2023, 22:21:23",Morning Run,Run,3325,8.17,175.0,62.0,False,activities/9409073663.csv.gz,3025.0,4.19999980926514,2.70314049720764,66.3330230712891,66.233024597168,8.80000019073486,43.0,16.0,0.0012229423737153,87.0,80.1077880859375,148.301391601563,220.832672119141,753.673278808594,217.0,3326.0,8289.2001953125,2.45924806594849,4719.0,392.2,366.6,289.6,279.2,240.8,237.3,233.9,217.1,0.0,0.0,0.0
8806282127,"31 Mar 2023, 02:34:24",Afternoon Run,Run,3186,9.45,178.0,79.0,False,activities/9450251031.csv.gz,3150.0,4.40000009536743,3.00222229957581,21.1156024932861,23.2156028747559,8.0,16.1000003814697,6.36363649368286,-0.0222057737410068,85.0,82.0331802368164,155.520874023438,246.990371704102,861.843566894531,245.0,3187.0,9478.900390625,2.96829891204834,360.0,307.6,299.3,276.4,264.0,255.0,251.1,249.8,249.8,0.0,0.0,0.0
8816052045,"1 Apr 2023, 22:47:53",Morning Run,Run,5689,17.6,190.0,278.0,False,activities/9460520123.csv.gz,5679.0,4.80000019073486,3.10019373893738,106.035461425781,105.635459899902,9.69999980926514,43.0,11.0,0.0022719528060406,87.0,83.5074005126953,171.474807739258,253.685974121094,1614.80773925781,256.0,5690.0,17760.30078125,3.09474420547485,8860.0,309.0,305.8,301.1,291.9,288.2,286.7,274.7,270.8,264.8,255.5,0.0
8833640186,"4 Apr 2023, 21:46:23",Morning Run,Run,2072,5.38,176.0,72.0,False,activities/9479062681.csv.gz,1850.0,4.0,2.90972971916199,53.8859634399414,54.6859664916992,8.80000019073486,43.0,29.0,-0.0148616014048457,88.0,82.3331527709961,161.799682617188,238.536544799805,501.145629882813,230.0,2073.0,5511.7998046875,2.59797286987305,2262.0,290.2,288.6,285.7,280.9,256.6,250.8,246.0,241.6,0.0,0.0,0.0
8910788331,"18 Apr 2023, 05:33:20",Afternoon Run,Run,3071,8.49,176.0,74.0,False,activities/9561238147.csv.gz,3067.0,3.59999990463257,2.77045965194702,87.2575454711914,80.5575408935547,10.0,43.0,12.0,0.0788513571023941,85.0,81.5086441040039,153.075042724609,230.374877929688,787.159973144531,230.0,3072.0,8657.5,2.76685118675232,4591.0,288.6,284.1,265.8,260.7,245.3,238.4,235.4,232.7,0.0,0.0,0.0
8939898580,"23 Apr 2023, 01:20:34",Lunch Run,Run,6071,15.66,180.0,206.0,False,activities/9591948868.csv.gz,5513.0,9.03225803375244,2.84146571159363,11.1522655487061,9.85229969024658,7.59999990463257,12.6000003814697,10.0,0.0082987556234002,87.0,82.9587860107422,163.610702514648,230.82275390625,1426.20751953125,222.0,5992.0,15686.0,2.58029985427856,2863.0,265.2,261.4,257.3,250.0,241.8,236.0,235.4,234.1,231.9,228.2,0.0
8969762121,"28 Apr 2023, 00:32:58",Morning Run,Run,4295,8.79,177.0,142.0,False,activities/9623862052.csv.gz,3104.0,4.59999990463257,2.83408498764038,50.1190299987793,49.9190292358398,9.39999961853027,24.1000003814697,42.0,0.0022735022939741,85.0,82.0317764282227,167.292419433594,233.453186035156,809.163208007813,225.0,3497.0,8899.5,2.04819560050964,342.0,282.8,276.5,272.8,266.8,244.6,238.9,236.1,234.6,0.0,0.0,0.0
8981131188,"30 Apr 2023, 00:41:03",Morning Run,Run,7785,22.23,194.0,292.0,False,activities/9635932250.csv.gz,7363.0,4.19999980926514,3.01928567886353,6.12777757644653,4.82777786254883,6.5,10.5,7.0,0.0058476901613175,86.0,83.2154541015625,161.10986328125,245.069473266602,2023.23986816406,240.0,7786.0,22252.400390625,2.85561966896057,564.0,305.4,303.4,290.2,281.4,270.7,265.6,264.2,263.4,251.2,247.3,245.0
9001105635,"3 May 2023, 07:05:29",Afternoon Run,Run,2810,8.29,177.0,21.0,False,activities/9657173295.csv.gz,2808.0,4.59999990463257,2.95477199554443,19.2766075134277,18.8766078948975,9.5,16.1000003814697,6.66666650772095,0.0048210197128355,88.0,82.4159851074219,139.449005126953,239.931884765625,756.964660644531,240.0,2811.0,8325.400390625,2.95266914367676,365.0,349.2,342.1,292.2,262.1,253.8,250.4,245.8,243.3,0.0,0.0,0.0
9012394699,"4 May 2023, 22:23:50",Morning Run,Run,5252,14.89,191.0,253.0,False,activities/9669077060.csv.gz,4840.0,4.0,3.07623958587647,8.06343269348145,9.16343307495117,7.69999980926514,11.8999996185303,8.18181800842285,-0.0073880045674741,89.0,83.0851440429688,171.792938232422,250.113952636719,1355.36987304688,243.0,5190.0,14906.900390625,2.83491992950439,342.0,292.0,284.2,276.6,272.6,259.1,256.6,256.1,255.7,251.8,0.0,0.0
9018291168,"6 May 2023, 00:57:51",Morning Run,Run,4842,15.23,186.0,265.0,False,activities/9675307808.csv.gz,4772.0,5.0,3.1915340423584,41.0487365722656,41.0487365722656,8.60000038146973,24.1000003814697,20.0,0.0,90.0,84.0453338623047,174.542358398438,260.767822265625,1392.23889160156,262.0,4843.0,15312.400390625,3.14539456367493,0.0,362.8,359.4,340.9,310.3,292.1,289.8,277.1,276.8,269.5,0.0,0.0
9024978299,"7 May 2023, 05:51:34",Afternoon Run,Run,3072,8.43,174.0,134.0,False,activities/9682398446.csv.gz,3031.0,3.40000009536743,2.78225016593933,29.1111946105957,29.1111946105957,8.80000019073486,17.7000007629395,16.0,0.0,85.0,81.6552200317383,166.101684570313,227.70947265625,771.494079589844,226.0,3073.0,8485.2001953125,2.7451171875,356.0,305.8,298.9,259.8,248.7,236.4,232.6,230.7,230.7,0.0,0.0,0.0
9024978325,"7 May 2023, 05:51:34",Afternoon Run,Run,3072,8.43,174.0,134.0,False,activities/9682398484.csv.gz,3031.0,3.40000009536743,2.78225016593933,29.1111946105957,29.1111946105957,8.80000019073486,17.7000007629395,16.0,0.0,85.0,81.6552200317383,166.101684570313,227.70947265625,771.494079589844,226.0,3073.0,8485.2001953125,2.7451171875,356.0,305.8,298.9,259.8,248.7,236.4,232.6,230.7,230.7,0.0,0.0,0.0
9042701362,"9 May 2023, 22:41:50",Morning Run,Run,1964,5.7,175.0,54.0,False,activities/9701296412.csv.gz,1877.0,4.19999980926514,3.03942465782166,50.9859466552734,52.9859466552734,8.19999980926514,43.0,15.4545450210571,-0.0350569672882556,86.0,82.8015899658203,155.75227355957,250.005676269531,527.358520507813,245.0,1965.0,5800.10009765625,2.90478610992432,3728.0,290.2,286.5,280.8,280.5,266.0,260.7,255.8,250.8,0.0,0.0,0.0
9166783506,"30 May 2023, 01:49:02",Lunch Run,Run,3565,10.07,172.0,107.0,False,activities/9835346108.csv.gz,3563.0,4.59999990463257,2.8271119594574,33.4157218933106,32.2157211303711,5.5,20.7999992370605,33.3333320617676,0.0119130350649356,88.0,82.6802444458008,155.656646728516,231.431015014648,922.361450195312,231.0,3566.0,10144.5,2.82552599906921,362.0,326.0,323.7,275.1,256.8,244.3,239.5,236.2,234.1,0.0,0.0,0.0
9186479240,"2 Jun 2023, 06:18:36",Afternoon Run,Run,3282,9.08,164.0,82.0,False,activities/9856080117.csv.gz,3236.0,3.79999995231628,2.80778741836548,92.6491622924805,86.5491638183594,3.5,43.0,17.0,0.067136250436306,85.0,81.3845901489258,151.442138671875,232.608917236328,845.895812988281,232.0,3283.0,9303.5,2.7684338092804,6734.0,287.0,285.6,277.5,274.6,254.0,245.6,240.0,238.5,0.0,0.0,0.0
9211270065,"6 Jun 2023, 04:07:01",Afternoon Run,Run,4091,12.15,176.0,192.0,False,activities/9882349692.csv.gz,4091.0,36.4000015258789,2.97115612030029,44.9544372558594,45.6543998718262,8.0,18.7000007629395,11.6666669845581,-0.0057589467614889,87.0,82.3314743041992,171.030792236328,245.832534790039,1111.17077636719,245.0,4092.0,12221.099609375,2.97115612030029,545.0,328.0,320.5,289.1,272.8,256.9,253.5,251.1,249.7,246.5,0.0,0.0
9211270164,"4 Jun 2023, 02:11:37",Lunch Run,Run,16615,17.54,170.0,183.0,False,activities/9882349789.csv.gz,6149.0,3.79999995231628,2.85314679145813,16.7005844116211,16.7005844116211,7.19999980926514,21.7000007629395,10.0,0.0,87.0,82.4955062866211,153.564468383789,232.227157592773,1597.49609375,227.0,6738.0,17569.900390625,1.05591332912445,413.0,271.0,267.5,261.6,252.1,245.6,243.7,240.8,240.9,238.8,236.1,0.0
9224080362,"8 Jun 2023, 03:47:05",Afternoon Run,Run,3270,9.27,176.0,142.0,False,activities/9895861747.csv.gz,3251.0,28.9125003814697,2.85173797607422,99.6978225708008,92.7977981567383,-1.0,43.0,27.0,0.0744256302714347,86.0,82.2242889404297,168.161849975586,235.677612304688,864.143920898438,235.0,3271.0,9504.2001953125,2.83516812324524,4750.0,290.8,289.3,273.4,270.3,251.5,244.9,240.2,240.8,0.0,0.0,0.0
9242498518,"11 Jun 2023, 01:31:01",Lunch Run,Run,8114,21.11,192.0,266.0,False,activities/9915268054.csv.gz,7399.0,3.79999995231628,2.8529531955719,8.97438621520996,9.57438564300537,6.5,11.8999996185303,20.0,-0.0028423895128071,86.0,82.5675354003906,160.835021972656,231.868316650391,1921.83422851563,224.0,8084.0,21137.099609375,2.60155296325684,328.0,275.8,265.1,254.7,250.0,239.5,238.2,236.7,236.4,235.3,233.4,231.7
9255024133,"13 Jun 2023, 01:49:39",Lunch Run,Run,4367,12.67,182.0,238.0,False,activities/9928513297.csv.gz,4367.0,3.79999995231628,2.90153431892395,45.9865951538086,50.1865959167481,8.0,18.7000007629395,30.0,-0.0331465564668178,86.0,82.5625305175781,172.448928833008,239.590698242188,1159.91418457031,240.0,4368.0,12757.2001953125,2.90153431892395,522.0,302.6,301.8,274.5,266.6,251.3,248.7,246.4,244.5,242.0,0.0,0.0
9273943483,"16 Jun 2023, 00:39:17",Morning Run,Run,4291,12.76,181.0,171.0,False,activities/9948457221.csv.gz,4276.0,4.0,2.98550057411194,48.7308921813965,48.7308921813965,8.0,18.7000007629395,15.0,0.0,86.0,82.9815216064453,163.646011352539,244.499877929688,1167.45166015625,244.0,4292.0,12840.099609375,2.97506403923035,549.0,316.4,314.9,285.2,271.2,252.4,250.8,249.5,248.1,246.2,0.0,0.0
9279542422,"17 Jun 2023, 01:31:14",Lunch Run,Run,3247,9.15,175.0,113.0,False,activities/9954379284.csv.gz,3126.0,3.79999995231628,2.92738318443298,89.957275390625,89.957275390625,8.89999961853027,43.0,12.0,0.0,86.0,82.2592010498047,159.513595581055,244.368637084961,846.350402832031,241.0,3248.0,9308.5,2.81829380989075,4686.0,317.6,315.3,300.5,296.2,264.1,254.4,248.1,248.8,0.0,0.0,0.0
9307030557,"18 Jun 2023, 04:09:19",Afternoon Run,Run,7682,20.4,178.0,243.0,False,activities/9983730205.csv.gz,7095.0,4.0,2.8763918876648,9.4960527420044,11.3960523605347,6.5,12.0,8.88888931274414,-0.0093100741505622,88.0,83.1697006225586,157.952423095703,234.748474121094,1858.25219726563,228.0,7683.0,20437.80078125,2.65659976005554,424.0,306.8,297.2,266.3,255.6,244.2,243.0,241.6,241.2,238.9,237.2,0.0
10123331963,"18 Mar 2023, 21:02:53",Docklands / Melbourne,Run,3991,14.35,189.0,260.0,False,activities/10843834001.csv.gz,3991.0,5.3359375,3.59612894058228,92.1749343872071,90.2749328613281,2.79999995231628,37.7000007629395,32.0683288574219,0.0132384346798062,89.0,83.5383834838867,179.89111328125,287.45458984375,1024.0,284.0,3750.0,14540.099609375,3.59612894058228,0.0,522.8,435.3,367.6,342.8,320.6,302.8,297.3,294.1,289.8,0.0,0.0
10123444433,"9 Jun 2023, 06:15:27","Southbank / Melbourne, Royal Botanic Gardens Victoria",Run,3303,9.28,175.0,91.0,False,activities/10843951620.csv.gz,3206.0,3.97802734375,2.89698052406311,89.975212097168,90.3752136230469,9.39999961853027,43.5,11.701057434082,-0.0043067620135843,87.0,78.8976211547852,154.182525634766,232.48747253418,660.0,232.0,3303.0,9439.7001953125,2.81190419197083,4702.60009765625,303.2,302.1,298.8,295.5,260.7,247.5,240.7,239.9,0.0,0.0,0.0
10123453781,"20 Jun 2023, 00:37:51",Southbank / Richmond,Run,3511,10.38,193.0,187.0,False,activities/10843961336.csv.gz,3508.0,7.07402324676514,2.95970058441162,25.8621253967285,25.7621250152588,8.19999980926514,16.3999996185303,7.33261728286743,0.0009631470893509,86.0,80.6023406982422,172.554595947266,237.106918334961,711.0,237.0,3512.0,10419.7998046875,2.95717167854309,364.399993896484,351.4,348.7,317.2,278.1,246.1,243.9,241.7,240.1,0.0,0.0,0.0
10123458734,"25 Jun 2023, 01:02:41",Southbank / Brighton,Run,7632,21.13,185.0,366.0,False,activities/10843966339.csv.gz,7379.0,4.906005859375,2.86415505409241,9.86055564880371,10.260555267334,6.09999990463257,12.6000003814697,7.82608699798584,-0.0018926310585811,97.0,81.7201156616211,170.416290283203,231.289672851563,1437.0,228.0,7632.0,21162.400390625,2.7692084312439,416.100006103516,416.8,349.2,284.1,266.1,243.0,240.6,238.7,238.3,236.5,233.1,231.5
10123465749,"27 Jun 2023, 04:34:42","Southbank / Melbourne, Royal Botanic Gardens Victoria",Run,4615,13.26,173.0,219.0,False,activities/10843973828.csv.gz,4547.0,6.33400058746338,2.91759181022644,133.716262817383,133.816268920898,8.89999961853027,43.5,36.7291526794434,-0.0007537902565672,86.0,80.7853393554688,169.754638671875,235.316909790039,943.0,236.0,4615.0,13524.2998046875,2.87460231781006,6929.7998046875,321.0,319.8,317.5,311.5,264.9,252.5,243.5,241.4,238.0,0.0,0.0
10123472446,"29 Jun 2023, 05:05:11",Southbank / Richmond,Run,3384,10.14,174.0,130.0,False,activities/10843980813.csv.gz,3370.0,5.14400005340576,3.01122260093689,25.8956260681152,25.995626449585,8.19999980926514,16.3999996185303,6.95466566085815,-0.0009854333475232,86.0,75.15087890625,164.251861572266,242.085144042969,693.0,241.0,3384.0,10185.599609375,2.99876475334168,366.700012207031,342.2,332.5,292.8,279.0,249.6,246.6,245.3,244.2,0.0,0.0,0.0
10123474604,"30 Jun 2023, 06:04:06",Southbank / Melbourne,Run,3433,9.1,175.0,44.0,False,activities/10843983156.csv.gz,3101.0,4.08002948760986,2.93492102622986,90.0523834228516,90.0523834228516,9.19999980926514,43.5,14.9208993911743,0.0,86.0,73.3456573486328,141.533081054688,235.686767578125,645.0,229.0,3432.0,9266.2001953125,2.65108966827393,4617.60009765625,309.0,308.0,303.9,301.8,261.6,250.7,241.0,242.2,0.0,0.0,0.0
10271579059,"19 Nov 2023, 00:21:15",Southbank / Brighton,Run,9053,23.97,151.0,104.0,False,activities/10998332486.csv.gz,8741.0,4.21600341796875,2.74292635917664,10.492280960083,10.492280960083,5.59999990463257,12.6999998092651,7.99219512939453,0.0,89.0,81.4415740966797,140.624572753906,232.374389648438,1691.0,228.0,9051.0,24008.400390625,2.64839506149292,417.200012207031,304.6,284.9,263.7,253.6,238.6,237.4,235.9,235.8,234.4,233.8,232.9
